BA in Mathematics,MATH 211,1
BA in Mathematics,MATH 212,1
BA in Mathematics,MATH 221,1
BA in Mathematics,MATH 250,1
BA in Mathematics,MATH 270,1
BA in Mathematics,MATH 315,1
BA in Mathematics,MATH 318,1
BA in Mathematics,MATH 321,1
BA in Mathematics,MATH 328,1
BA in Mathematics,MATH 330,1
BA in Mathematics,MATH 344,1
BA in Mathematics,MATH 345,1
BA in Mathematics,MATH 346,1
BA in Mathematics,MATH 347,1
BA in Mathematics,MATH 351,1
BA in Mathematics,MATH 352,1
BA in Mathematics,MATH 361,1
BA in Mathematics,MATH 362,1
BA in Mathematics,MATH 411,1
BA in Mathematics,MATH 412,1
BA in Mathematics,MATH 421,1
BA in Mathematics,MATH 422,1
BA in Mathematics,MATH 425,1
BS in Mathematics,MATH 211,1
BS in Mathematics,MATH 212,1
BS in Mathematics,MATH 221,1
BS in Mathematics,MATH 250,1
BS in Mathematics,MATH 270,1
BS in Mathematics,MATH 315,1
BS in Mathematics,MATH 318,1
BS in Mathematics,MATH 321,1
BS in Mathematics,MATH 328,1
BS in Mathematics,MATH 330,1
BS in Mathematics,MATH 344,1
BS in Mathematics,MATH 345,1
BS in Mathematics,MATH 346,1
BS in Mathematics,MATH 347,1
BS in Mathematics,MATH 351,1
BS in Mathematics,MATH 352,1
BS in Mathematics,MATH 361,1
BS in Mathematics,MATH 362,1
BS in Mathematics,MATH 411,1
BS in Mathematics,MATH 412,1
BS in Mathematics,MATH 421,1
BS in Mathematics,MATH 422,1
BS in Mathematics,MATH 425,1
BS in Mathematics,MATH 315,2
BS in Mathematics,MATH 318,2
BS in Mathematics,MATH 321,2
BS in Mathematics,MATH 328,2
BS in Mathematics,MATH 330,2
BS in Mathematics,MATH 344,2
BS in Mathematics,MATH 345,2
BS in Mathematics,MATH 346,2
BS in Mathematics,MATH 347,2
BS in Mathematics,MATH 351,2
BS in Mathematics,MATH 352,2
BS in Mathematics,MATH 361,2
BS in Mathematics,MATH 362,2
BS in Mathematics,MATH 411,2
BS in Mathematics,MATH 412,2
BS in Mathematics,MATH 421,2
BS in Mathematics,MATH 422,2
BS in Mathematics,MATH 425,2
BA in Computer Science,CS 323,1
BA in Computer Science,CS 325,1
BA in Computer Science,CS 329,1
BA in Computer Science,CS 355,1
BA in Computer Science,CS 370,1
BA in Computer Science,CS 377,1
BA in Computer Science,CS 378,1
BA in Computer Science,CS 424,1
BA in Computer Science,CS 450,1
BA in Computer Science,CS 452,1
BA in Computer Science,CS 453,1
BA in Computer Science,CS 455,1
BA in Computer Science,CS 456,1
BA in Computer Science,MATH 315,1
BA in Computer Science,MATH 346,1
BA in Computer Science,MATH 361,1
BS in Computer Science,CS 323,1
BS in Computer Science,CS 325,1
BS in Computer Science,CS 329,1
BS in Computer Science,CS 355,1
BS in Computer Science,CS 370,1
BS in Computer Science,CS 377,1
BS in Computer Science,CS 378,1
BS in Computer Science,CS 424,1
BS in Computer Science,CS 450,1
BS in Computer Science,CS 452,1
BS in Computer Science,CS 453,1
BS in Computer Science,CS 455,1
BS in Computer Science,CS 456,1
BS in Computer Science,MATH 315,1
BS in Computer Science,MATH 346,1
BS in Computer Science,MATH 361,1
BS in Computer Science/Mathematics,CS 323,1
BS in Computer Science/Mathematics,CS 325,1
BS in Computer Science/Mathematics,CS 329,1
BS in Computer Science/Mathematics,CS 355,1
BS in Computer Science/Mathematics,CS 370,1
BS in Computer Science/Mathematics,CS 377,1
BS in Computer Science/Mathematics,CS 378,1
BS in Computer Science/Mathematics,CS 424,1
BS in Computer Science/Mathematics,CS 450,1
BS in Computer Science/Mathematics,CS 452,1
BS in Computer Science/Mathematics,CS 453,1
BS in Computer Science/Mathematics,CS 455,1
BS in Computer Science/Mathematics,CS 456,1
BS in Computer Science/Mathematics,MATH 346,1
BS in Computer Science/Mathematics,MATH 361,1
BS in Applied Mathematics,MATH 318,1
BS in Applied Mathematics,MATH 344,1
BS in Applied Mathematics,MATH 345,1
BS in Applied Mathematics,MATH 352,1
BS in Applied Mathematics,MATH 361,1
BS in Applied Mathematics,MATH 362,1
BS in Applied Mathematics,MATH 411,1
BS in Applied Mathematics,MATH 412,1
BS in Applied Mathematics,CS 171,2
BS in Applied Mathematics,CS 224,2
BS in Applied Mathematics,CS 255,2
BS in Applied Mathematics,CS 323,2
BS in Applied Mathematics,CS 325,2
BS in Applied Mathematics,CS 329,2
BS in Applied Mathematics,CS 355,2
BS in Applied Mathematics,CS 370,2
BS in Applied Mathematics,CS 377,2
BS in Applied Mathematics,CS 378,2
BS in Applied Mathematics,CS 424,2
BS in Applied Mathematics,CS 450,2
BS in Applied Mathematics,CS 452,2
BS in Applied Mathematics,CS 453,2
BS in Applied Mathematics,CS 455,2
BS in Applied Mathematics,CS 456,2
BS in Applied Mathematics,MATH 211,2
BS in Applied Mathematics,MATH 212,2
BS in Applied Mathematics,MATH 221,2
BS in Applied Mathematics,MATH 250,2
BS in Applied Mathematics,MATH 270,2
BS in Applied Mathematics,MATH 315,2
BS in Applied Mathematics,MATH 318,2
BS in Applied Mathematics,MATH 321,2
BS in Applied Mathematics,MATH 328,2
BS in Applied Mathematics,MATH 330,2
BS in Applied Mathematics,MATH 344,2
BS in Applied Mathematics,MATH 345,2
BS in Applied Mathematics,MATH 346,2
BS in Applied Mathematics,MATH 347,2
BS in Applied Mathematics,MATH 351,2
BS in Applied Mathematics,MATH 352,2
BS in Applied Mathematics,MATH 361,2
BS in Applied Mathematics,MATH 362,2
BS in Applied Mathematics,MATH 411,2
BS in Applied Mathematics,MATH 412,2
BS in Applied Mathematics,MATH 421,2
BS in Applied Mathematics,MATH 422,2
BS in Applied Mathematics,MATH 425,2
BS in Applied Mathematics,MATH 221,3
BS in Applied Mathematics,MATH 321,3
Minor in Applied Mathematics,MATH 315,1
Minor in Applied Mathematics,MATH 344,1
Minor in Applied Mathematics,MATH 345,1
Minor in Applied Mathematics,MATH 346,1
Minor in Applied Mathematics,MATH 351,1
Minor in Computer Science,CS 224,1
Minor in Computer Science,CS 255,1
Minor in Computer Science,CS 323,1
Minor in Computer Science,CS 325,1
Minor in Computer Science,CS 329,1
Minor in Computer Science,CS 355,1
Minor in Computer Science,CS 370,1
Minor in Computer Science,CS 377,1
Minor in Computer Science,CS 378,1
Minor in Computer Science,CS 424,1
Minor in Computer Science,CS 450,1
Minor in Computer Science,CS 452,1
Minor in Computer Science,CS 453,1
Minor in Computer Science,CS 455,1
Minor in Computer Science,CS 456,1
Minor in Mathematics,MATH 211,1
Minor in Mathematics,MATH 212,1
Minor in Mathematics,MATH 221,1
Minor in Mathematics,MATH 250,1
Minor in Mathematics,MATH 270,1
Minor in Mathematics,MATH 315,1
Minor in Mathematics,MATH 318,1
Minor in Mathematics,MATH 321,1
Minor in Mathematics,MATH 328,1
Minor in Mathematics,MATH 330,1
Minor in Mathematics,MATH 344,1
Minor in Mathematics,MATH 345,1
Minor in Mathematics,MATH 346,1
Minor in Mathematics,MATH 347,1
Minor in Mathematics,MATH 351,1
Minor in Mathematics,MATH 352,1
Minor in Mathematics,MATH 361,1
Minor in Mathematics,MATH 362,1
Minor in Mathematics,MATH 411,1
Minor in Mathematics,MATH 412,1
Minor in Mathematics,MATH 421,1
Minor in Mathematics,MATH 422,1
Minor in Mathematics,MATH 425,1
Minor in Computer Science Informatics,CS 323,1
Minor in Computer Science Informatics,CS 325,1
Minor in Computer Science Informatics,CS 370,1
Minor in Computer Science Informatics,CS 377,1
Minor in Computer Science Informatics,CS 378,1