BA in Mathematics,MATH 111,1
BA in Mathematics,MATH 112,1
BA in Mathematics,MATH 211,1
BA in Mathematics,MATH 221,1
BA in Mathematics,MATH 250,1
BA in Mathematics,CS 170,1
BS in Mathematics,MATH 111,1
BS in Mathematics,MATH 112,1
BS in Mathematics,MATH 211,1
BS in Mathematics,CS 170,1
BS in Mathematics,MATH 250,1
BS in Mathematics,MATH 318,1
BS in Mathematics,MATH 321,1
BS in Mathematics,MATH 411,1
BS in Mathematics,MATH 412,1
BS in Mathematics,MATH 421,1
BS in Mathematics,MATH 422,1
BA in Computer Science,MATH 111,1
BA in Computer Science,MATH 112,1
BA in Computer Science,MATH 221,1
BA in Computer Science,CS 170,1
BA in Computer Science,CS 171,1
BA in Computer Science,CS 224,1
BA in Computer Science,CS 255,1
BA in Computer Science,CS 323,1
BS in Computer Science,MATH 111,1
BS in Computer Science,MATH 112,1
BS in Computer Science,MATH 221,1
BS in Computer Science,CS 170,1
BS in Computer Science,CS 171,1
BS in Computer Science,CS 224,1
BS in Computer Science,CS 255,1
BS in Computer Science,CS 323,1
BS in Computer Science,CS 424,1
BS in Computer Science,CS 450,1
BS in Computer Science/Mathematics,MATH 111,1
BS in Computer Science/Mathematics,MATH 112,1
BS in Computer Science/Mathematics,MATH 221,1
BS in Computer Science/Mathematics,MATH 315,1
BS in Computer Science/Mathematics,MATH 250,1
BS in Computer Science/Mathematics,CS 170,1
BS in Computer Science/Mathematics,CS 171,1
BS in Computer Science/Mathematics,CS 224,1
BS in Computer Science/Mathematics,CS 255,1
BS in Computer Science/Mathematics,CS 323,1
BS in Computer Science/Mathematics,CS 424,1
BS in Computer Science/Mathematics,CS 450,1
BS in Applied Mathematics,MATH 111,1
BS in Applied Mathematics,MATH 112,1
BS in Applied Mathematics,MATH 211,1
BS in Applied Mathematics,MATH 212,1
BS in Applied Mathematics,MATH 250,1
BS in Applied Mathematics,MATH 315,1
BS in Applied Mathematics,MATH 351,1
BS in Applied Mathematics,CS 170,1
Minor in Mathematics,MATH 111,1
Minor in Mathematics,MATH 112,1
Minor in Applied Mathematics,MATH 111,1
Minor in Applied Mathematics,MATH 112,1
Minor in Applied Mathematics,MATH 211,1
Minor in Applied Mathematics,MATH 221,1
Minor in Applied Mathematics,MATH 212,1
Minor in Computer Science,CS 170,1
Minor in Computer Science,CS 171,1
Minor in Computer Science,CS 255,1
Minor in Computer Science Informatics,CS 170,1
Minor in Computer Science Informatics,CS 171,1